위생 용품	세제	가정용품	청소용품	화장품	가정용 화학제품	기타 잡화품
두루마리 휴지	비누	수세미	쓰레기 봉투	립스틱	살충제	건전지
티슈	표백제	스펀지	걸레	파운데이션	방충제	사진 필름
물티슈	섬유유연제	페이퍼 타월	빗자루	아이섀도	습기제거제	성냥
기저귀	냄새제거제	수건	수납용 시트	마스카라	방향제	라이터
생리대	세탁기 클리닝제	식기		미백미용액		양초
탐폰	얼룩제거제	조리기구		화장수
라이너	화장실용 클리너	랩필름		유액
마스크	냄새제거제 등	알루미늄 포일		보습팩네일러
반창고	식기용 세제	부엌용 비닐봉투		화장용 코튼
붕대	클렌저	냉장고 냄새제거제		손거울
의료용 테이프	식기용 표백제	폐유처리제		빗
혈압계		스펀지
체온계		수건
손난로		목욕매트
치약		화장실 브러시
칫솔		휴지걸이
구강 세정제		변기 깔개
치실		옷걸이
치간칫솔		투명 장갑
의치 세정액		빨래 건조대
이쑤시개
씹는 칫솔
비누
핸드크림
립밤
자외선 차단제
샴푸
린스
모발 염색제
헤어 스프레이
헤어 무스
육모제
세안 클렌징 폼
클렌징 오일
면도기
면도날
입욕제
아로마용품